BookID,BookName,Author,Price,PublicationID,CategoryID,ISBN10,ISBN13,Quandity,ServerImageLocation
BK001,Designing Data-Intensive Applications,Martin Kleppmann,29.99,PUB01,CAT01,1449373321,978-1449373320,91,images/books/BK001.jpeg
BK002,Strategic Writing for UX,Torrey Podmajersky ,23.49,PUB01,CAT01,1492049395,978-1492049395,76,images/books/BK002.jpeg
BK003,Database Internals,Alex Petrov,46.53,PUB01,CAT01,1492040347,978-1492040347,12,images/books/BK003.jpeg
BK004,Kafka,Neha Narkhede ,23.49,PUB01,CAT01,1491936160,978-1491936160,68,images/books/BK004.jpeg
BK005,Infrastructure as Code,Kief Morris,24.99,PUB01,CAT01,1491924357,978-1491924358,96,images/books/BK005.jpeg
BK006,SQL Pocket Guide: A Guide to SQL Usage,Jonathan Gennick,7.99,PUB01,CAT01,1449394097,978-1449394097,96,images/books/BK006.jpeg
BK007,Smooth-Talking Cowboy: A Cowboy Romance,Maisey Yates ,33.4,PUB02,CAT02,1335006981,978-1335006981,87,images/books/BK007.jpeg
BK008,Alpha One,Cynthia Eden,5.99,PUB02,CAT02,1488064562,978-1488064562,84,images/books/BK008.jpeg
BK009,Finding Home Again,Brenda Jackson,7.19,PUB02,CAT02,1335505002,978-1335505002,57,images/books/BK009.jpeg
BK010,The Mister,E L James,15.26,PUB03,CAT02,1984898326,978-1984898326,53,images/books/BK010.jpeg
BK011,Crazy Rich Asians,Kevin Kwan,14.4,PUB03,CAT02,1345803788,978-0345803788,61,images/books/BK011.jpeg
BK012,The Rise of Magicks,Nora Roberts,23.19,PUB04,CAT03,1250123039,978-1250123039,22,images/books/BK012.jpeg
BK013,A Season to Lie,Emily Littlejohn,23.39,PUB04,CAT03,1250089410,978-1250089410,45,images/books/BK013.jpeg
BK014,This Earl of Mine,Kate Bateman,7.99,PUB04,CAT02,1250305961,978-1250305961,84,images/books/BK014.jpeg
BK015,A Winter's Love: A Novel,Madeleine L'Engle,9.99,PUB05,CAT02,1504041577,978-1504041577,46,images/books/BK015.jpeg
BK016,The 7th Victim,Alan Jacobson,8.99,PUB05,CAT03,1497655829,978-1497655829,54,images/books/BK016.jpeg
BK017,The Spies Who Never Were,Hervie Haufler,7.99,PUB05,CAT04,1497622623,978-1497622623,96,images/books/BK017.jpeg
BK018,Encounters of a Wayward Sailor,Tristan Jones,7.99,PUB05,CAT04,1497603639,978-1497603639,29,images/books/BK018.jpeg
BK019,Life at the Dakota,Stephen Birmingham,10.99,PUB05,CAT04,1504026314,978-1504026314,31,images/books/BK019.jpeg
BK020,Catch and Kill,Ronan Farrow,22.5,PUB06,CAT03,1316486637,978-0316486637,20,images/books/BK020.jpeg
BK021,Talking to Strangers,Malcolm Gladwell,22.5,PUB06,CAT05,1316428019,978-0316428019,97,images/books/BK021.jpeg
BK022,Killer Instinct,James Patterson,25.2,PUB06,CAT03,1316420297,978-0316420297,13,images/books/BK022.jpeg
BK023,Harriet Tubman: The Road to Freedom,Catherine Clinton,15.29,PUB06,CAT04,1316155946,978-0316155946,38,images/books/BK023.jpeg
BK024,Lethal White,Robert Galbraith,17.09,PUB06,CAT03,1316422772,978-0316422772,10,images/books/BK024.jpeg
BK025,The House of Kennedy,James Patterson,29.99,PUB06,CAT04,1316454483,978-0316454483,78,images/books/BK025.jpeg
BK026,Becoming,Michelle Obama,24.38,PUB07,CAT05,1524763138,978-1524763138,38,images/books/BK026.jpeg
BK027,The Happiness Advantage,Shawn Achor,15.3,PUB07,CAT05,307591555,978-0307591555,37,images/books/BK027.jpeg
BK028,The Time Is Now: A Call to Uncommon Courage,Joan Chittister,13.76,PUB07,CAT05,1984823410,978-1984823410,43,images/books/BK028.jpeg
