PublicationID,PublicationName,PublicationAddress,PublicationEmail
PUB01,"O�Reilly Media, Inc.","1005 Gravenstein Highway North
Sebastopol, CA 95472
USA",support@oreilly.com 
PUB02,Harlequin Publication,"41st Floor, East Tower 22, Bay Adelaide Centre,  Adelaide Street West, Toronto, Canada",CustomerService@Harlequin.com
PUB03,Knopf Doubleday Publishing Group,"1745 Broadway
New York, NY 10019",knopfpublicity@randomhouse.com
PUB04,MacMillan Publishing Group,"St. Martin�s Press, 120 Broadway, New York, NY 10271",press.inquiries@macmillan.com
PUB05,Open Road Media,"180 Maiden Lane, Suite 8A
New York, NY 10038",Marketing@OpenRoadMedia.com
PUB06,"Little, Brown and Company","53 State St, Boston, MA 02109",customer.service@hbgusa.com
PUB07,Crown Publishing Group,"1745 Broadway, New York, NY 10019",customerservice@prh.com
